denominazione;piva;comune;provincia;regione;data_costituzione;anno_cost;n_cf;anno_ult;fatt_ult;fatt_per_cf;utile_ult;utile_per_cf;margine_pct;cresc_24_pct;cagr_22_24_pct;fatt_2022;fatt_2023;fatt_2024;fatt_2025;utile_2022;utile_2023;utile_2024;utile_2025;dipendenti;ateco;stato;ra_nome;match
CONSULTIQUE SOCIETA' DI CONSULENZA FINANZIARIA S.P.A.;03148980232;VERONA;VR;VENETO;27/06/2001;2001;18;2024;4901847.0;272325;1473214.0;81845;30.1;24.7;22.1;3286192.0;3930884.0;4901847.0;;629930.0;883308.0;1473214.0;;10-24;70.22.09: Altre attività di consulenza imprenditoriale e altra consulenza amministrativo-gestionale e pianificazione aziendale;Attiva;Consultique Societa' Di Consulenza Finanziaria S.P.A.;True
IOINVESTO SCF SRL;04462930167;BERGAMO;BG;LOMBARDIA;23/07/2020;2020;95;2024;3478759.0;36619;151768.0;1598;4.4;79.9;101.4;857738.0;1934048.0;3478759.0;;4110.0;54314.0;151768.0;;10-24;70.22.09: Altre attività di consulenza imprenditoriale e altra consulenza amministrativo-gestionale e pianificazione aziendale;Attiva;Ioinvesto Societa' Di Consulenza Finanziaria S.R.L.;True
TACK SOCIETÀ DI CONSULENZA FINANZIARIA SRL;10934320960;MILANO;MI;LOMBARDIA;31/07/2019;2019;1;2024;2863214.0;2863214;1512166.0;1512166;52.8;18.5;8.9;2413993.0;2416469.0;2863214.0;;1200703.0;1025519.0;1512166.0;;0-9;66.19.21: Attività di consulenti finanziari abilitati all'offerta fuori sede;Attiva;Tack Societa' Di Consulenza Finanziaria S.R.L. Ovvero, In Forma Abbreviata, Tack Scf S.R.L.;True
IFA CONSULTING S.R.L. SOCIETÀ DI CONSULENZA FINANZIARIA;03270800232;VERONA;VR;VENETO;02/12/2002;2002;8;2025;1955376.0;244422;556661.0;69583;28.5;-7.1;;;2082846.0;1935152.0;1955376.0;;727483.0;578207.0;556661.0;0-9;70.22.09: Altre attività di consulenza imprenditoriale e altra consulenza amministrativo-gestionale e pianificazione aziendale;Attiva;Ifa Consulting S.R.L. Societa' Di Consulenza Finanziaria;True
FAMILY CUBE PARTNERS SCF S.R.L.;10568800964;MILANO;MI;LOMBARDIA;11/12/2018;2018;2;2024;1937796.0;968898;12267.0;6134;0.6;2.3;4.5;1776000.0;1893500.0;1937796.0;;19186.0;27103.0;12267.0;;0-9;66.19.22: Attività di agenti, mediatori e procacciatori in prodotti finanziari;Attiva;Family Cube Partners Societa' Di Consulenza Finanziaria S.R.L.;True
V&M FAMILY PARTNERS S.P.A. SOCIETÀ DI CONSULENZA FINANZIARIA;11751800969;MILANO;MI;LOMBARDIA;30/04/2021;2021;4;2024;1832758.0;458190;703548.0;175887;38.4;25.0;24.0;1192167.0;1466408.0;1832758.0;;197298.0;384753.0;703548.0;;0-9;70.22.09: Altre attività di consulenza imprenditoriale e altra consulenza amministrativo-gestionale e pianificazione aziendale;Attiva;V&M Family Partners S.P.A. - Societa' Di Consulenza Finanziaria;True
Q CONSULENZE SOCIETA' DI CONSULENZA FINANZIARIA S.R.L.;02870220353;REGGIO EMILIA;RE;EMILIA ROMAGNA;13/11/2019;2019;2;2024;1809545.0;904772;1258769.0;629384;69.6;61.4;89.3;504890.0;1121045.0;1809545.0;;118148.0;500119.0;1258769.0;;0-9;74.90.99: Altre attività professionali n.c.a.;Attiva;Q Consulenze Societa' Di Consulenza Finanziaria S.R.L.;True
LCG ADVISORY SOCIETA' DI CONSULENZA FINANZIARIA SOCIETA' PER AZIONI;05524721007;ROMA;RM;LAZIO;07/05/1998;1998;3;2024;1783182.0;594394;59376.0;19792;3.3;-36.0;-16.1;2531253.0;2785744.0;1783182.0;;370263.0;411990.0;59376.0;;0-9;70.22.09: Altre attività di consulenza imprenditoriale e altra consulenza amministrativo-gestionale e pianificazione aziendale;Attiva;Lcg Advisory Societa' Di Consulenza Finanziaria Spa;True
ADHOC SOCIETA' DI CONSULENZA FINANZIARIA SRL;04097240966;MILANO;MI;LOMBARDIA;16/10/2003;2003;16;2024;1711752.0;106984;5498.0;344;0.3;38.6;20.9;1171573.0;1235371.0;1711752.0;;-30264.0;-58564.0;5498.0;;0-9;66.19.22: Attività di agenti, mediatori e procacciatori in prodotti finanziari;Attiva;Adhoc Societa' Di Consulenza Finanziaria S.R.L.;True
TOKOS SCF SRL;09723730017;TORINO;TO;PIEMONTE;27/11/2007;2007;17;2024;1602898.0;94288;457641.0;26920;28.6;94.3;48.5;726388.0;824940.0;1602898.0;;9532.0;145759.0;457641.0;;0-9;70.22.09: Altre attività di consulenza imprenditoriale e altra consulenza amministrativo-gestionale e pianificazione aziendale;Attiva;Tokos - Societa' Di Consulenza Finanziaria S.R.L.;True
MEZZETTI ADVISORY GROUP S.R.L. SOCIETA' DI CONSULENZA FINANZIARIA;06792180967;MILANO;MI;LOMBARDIA;09/11/2009;2009;3;2025;1443600.0;481200;459255.0;153085;31.8;14.9;;;1559975.0;1792445.0;1443600.0;;571129.0;637032.0;459255.0;0-9;70.22.09: Altre attività di consulenza imprenditoriale e altra consulenza amministrativo-gestionale e pianificazione aziendale;Attiva;Mezzetti Advisory Group S.R.L. Societa' Di Consulenza Finanziaria;True
INVESTIMENTO DI VALORE SCF SRL;02479600500;POMARANCE;PI;TOSCANA;24/05/2023;2023;13;2025;1308868.0;100682;652679.0;50206;49.9;245.0;;;82781.0;285597.0;1308868.0;;-491.0;87849.0;652679.0;0-9;70.22.09: Altre attività di consulenza imprenditoriale e altra consulenza amministrativo-gestionale e pianificazione aziendale;Attiva;Investimento Di Valore Scf Srl;True
MONIUM SOCIETÀ DI CONSULENZA FINANZIARIA SRL;15472751005;ROMA;RM;LAZIO;24/10/2019;2019;6;2025;1217805.0;202968;458333.0;76389;37.6;25.8;;;803559.0;1011274.0;1217805.0;;14308.0;219178.0;458333.0;0-9;70.22.09: Altre attività di consulenza imprenditoriale e altra consulenza amministrativo-gestionale e pianificazione aziendale;Attiva;Monium Societa' Di Consulenza Finanziaria Srl;True
MG PARTNERS SCF SRL;11848680960;MILANO;MI;LOMBARDIA;17/06/2021;2021;2;2024;1113089.0;556544;165187.0;82594;14.8;;;;;1113089.0;;;;165187.0;;0-9;66.19.21: Attività di consulenti finanziari abilitati all'offerta fuori sede;Attiva;Mg Partners Societa' Di Consulenza Finanziaria S.R.L. O, In For Ma Abbreviata, Mg Partners S.C.F. S.R.L.;True
PANRHEMA SOCIETA' DI CONSULENZA FINANZIARIA SRL;08387920963;MILANO;MI;LOMBARDIA;01/10/2013;2013;6;2024;1109344.0;184891;33479.0;5580;3.0;16.7;16.5;817163.0;950509.0;1109344.0;;16213.0;60789.0;33479.0;;0-9;66.19.22: Attività di agenti, mediatori e procacciatori in prodotti finanziari;Attiva;Panrhema Societa' Di Consulenza Finanziaria S.R.L.;True
SOLDIEXPERT SCF SRL;03288110962;MILANO;MI;LOMBARDIA;11/10/2001;2001;5;2025;1066227.0;213245;34192.0;6838;3.2;-1.6;;;826085.0;812720.0;1066227.0;;-7298.0;-87003.0;34192.0;0-9;62.09: Altre attività dei servizi connessi alle tecnologie dell'informatica;Attiva;Soldiexpert Societa' Di Consulenza Finanziaria - S.R.L. O In For Ma Abbr. Soldiexpert Scf - S.R.L.;True
GAMMAWAVE CAPITAL SCF S.R.L.;11722950968;MILANO;MI;LOMBARDIA;13/04/2021;2021;5;2024;993935.0;198787;246414.0;49283;24.8;116.0;52.9;425315.0;460172.0;993935.0;;148145.0;94639.0;246414.0;;-;70.22.09: Altre attività di consulenza imprenditoriale e altra consulenza amministrativo-gestionale e pianificazione aziendale;Attiva;Gammawave Capital Scf S.R.L.;True
J. LAMARCK SCF S.P.A.;02684320233;DESENZANO DEL GARDA;BS;LOMBARDIA;11/03/1996;1996;2;2024;926013.0;463006;343098.0;171549;37.1;-47.7;-32.6;2037427.0;1770725.0;926013.0;;1138813.0;949853.0;343098.0;;0-9;66.19.22: Attività di agenti, mediatori e procacciatori in prodotti finanziari;Attiva;J. Lamarck S.P.A. - Societa' Di Consulenza Finanziaria In Forma Abbreviata J. Lamarck Scf S.P.A.;True
ALFA PLANNERS SCF S.P.A.;04956900015;TORINO;TO;PIEMONTE;06/11/1985;1985;19;2024;922358.0;48545;93104.0;4900;10.1;21.9;12.0;735145.0;756409.0;922358.0;;-33153.0;-40180.0;93104.0;;0-9;63.11.2: Gestione database (attività delle banche dati);Attiva;Alfa Planners Societa' Di Consulenza Finanziaria S.P.A. Sigla Denominazione: Alfa Planners Scf S.P.A. - Alfa Scf S.P.A.;True
MIRO & CO SOCIETÀ DI CONSULENZA FINANZIARIA S.R.L.;12139180967;MILANO;MI;LOMBARDIA;15/12/2021;2021;2;2024;843550.0;421775;1732506.0;866253;205.4;-33.1;55.0;351052.0;1260681.0;843550.0;;1411127.0;1799830.0;1732506.0;;0-9;70.1: ATTIVITÀ DI DIREZIONE AZIENDALE;Attiva;Miro & Co Societa' Di Consulenza Finanziaria Srl Ovvero, In Forma Abbreviata, Miro & Co Scf Srl;True
VISHON SCF SRL;13047480960;MILANO;MI;LOMBARDIA;05/07/2023;2023;1;2024;807400.0;807400;181369.0;181369;22.5;802.1;;;89500.0;807400.0;;;12114.0;181369.0;;-;70.22.09: Altre attività di consulenza imprenditoriale e altra consulenza amministrativo-gestionale e pianificazione aziendale;Attiva;Vishon Scf S.R.L.;True
AMBROSETTI ASSET MANAGEMENT SOCIETÀ DI CONSULENZA FINANZIARIA S.R.L. (IN FORMA ABBREVIATA “AMBROSETTI ASSET MANAGEMENT SCF S.R.L);03760520969;LOMAZZO;CO;LOMBARDIA;21/06/2023;2023;2;2024;796031.0;398016;275209.0;137604;34.6;3.0;;;772717.0;796031.0;;;173797.0;275209.0;;0-9;70.22.09: Altre attività di consulenza imprenditoriale e altra consulenza amministrativo-gestionale e pianificazione aziendale;Attiva;Ambrosetti Asset Management Societa' Di Consulenza Finanziaria S.R.L. O Abbreviatamente Ambrosetti Asset Management Scf S.R.L.;True
ARCHEIDE SCF SRL;04077980268;TREVISO;TV;VENETO;29/06/2006;2006;3;2024;731791.0;243930;187160.0;62387;25.6;61.9;27.6;449770.0;452073.0;731791.0;;51735.0;61487.0;187160.0;;0-9;70.22.09: Altre attività di consulenza imprenditoriale e altra consulenza amministrativo-gestionale e pianificazione aziendale;Attiva;Archeide S.R.L. - Societa' Di Consulenza Finanziaria In Breve Archeide Scf;True
MERIDIAN SOCIETA' DI CONSULENZA FINANZIARIA SRL;10791940967;MILANO;MI;LOMBARDIA;18/04/2019;2019;9;2024;653136.0;72571;1121.0;125;0.2;18.1;13.7;505098.0;553164.0;653136.0;;13730.0;-685.0;1121.0;;-;66.19.22: Attività di agenti, mediatori e procacciatori in prodotti finanziari;Attiva;Meridian Societa' Di Consulenza Finanziaria S.R.L.;True
STRATOS S.C.F. S.R.L.;03038040303;UDINE;UD;FRIULI VENEZIA GIULIA;03/06/2021;2021;6;2025;575165.0;95861;330124.0;55021;57.4;86.2;;;242062.0;450703.0;575165.0;;115937.0;264363.0;330124.0;-;70.22.09: Altre attività di consulenza imprenditoriale e altra consulenza amministrativo-gestionale e pianificazione aziendale;Attiva;Stratos S.C.F. S.R.L.;True
SECOLARE SRL SOCIETÀ DI CONSULENZA FINANZIARIA;12461440963;MILANO;MI;LOMBARDIA;16/06/2022;2022;4;2025;565915.0;141479;123070.0;30768;21.7;259.5;;;158897.0;571217.0;565915.0;;20659.0;56581.0;123070.0;0-9;70.22.09: Altre attività di consulenza imprenditoriale e altra consulenza amministrativo-gestionale e pianificazione aziendale;Attiva;Secolare S.R.L. - Societa' Di Consulenza Finanziaria;True
CFO SOLUTIONS SOCIETA' DI CONSULENZA FINANZIARIA SRL;03812130239;VERONA;VR;VENETO;21/10/2008;2008;4;2024;537825.0;134456;4928.0;1232;0.9;-11.2;15.3;404459.0;605365.0;537825.0;;8091.0;50682.0;4928.0;;-;70.22.09: Altre attività di consulenza imprenditoriale e altra consulenza amministrativo-gestionale e pianificazione aziendale;Attiva;Cfo Solutions Societa' Di Consulenza Finanziaria S.R.L.;True
A. B. SOLUTE FAMILY OFFICE SOCIETÀ DI CONSULENZA FINANZIARIA S.R.L.;04298320245;VICENZA;VI;VENETO;29/09/2020;2020;1;2024;521642.0;521642;162872.0;162872;31.2;10.1;-6.3;593526.0;473630.0;521642.0;;310781.0;196047.0;162872.0;;0-9;70.22.09: Altre attività di consulenza imprenditoriale e altra consulenza amministrativo-gestionale e pianificazione aziendale;Attiva;A.B. Solute Family Office Societa' Di Consulenza Finanziaria S.R.L. - In Sigla A.B. Solute Family Office S.C.F. S.R.L.;True
SAN MARCO CAPITAL SCF S.R.L.;04292420249;VICENZA;VI;VENETO;11/08/2020;2020;5;2025;491400.0;98280;70221.0;14044;14.3;179.1;;;153361.0;427967.0;491400.0;;16902.0;72743.0;70221.0;0-9;74.90.99: Altre attività professionali n.c.a.;Attiva;San Marco Capital Societa' Di Consulenza Finanziaria Srl;True
NORISK SOCIETA' DI CONSULENZA FINANZIARIA SRL;12768020153;MILANO;MI;LOMBARDIA;18/03/1999;1999;5;2024;472375.0;94475;61451.0;12290;13.0;25.0;22.5;314598.0;377794.0;472375.0;;39520.0;53714.0;61451.0;;0-9;70.22.09: Altre attività di consulenza imprenditoriale e altra consulenza amministrativo-gestionale e pianificazione aziendale;Attiva;Norisk Societa' Di Consulenza Finanziaria S.R.L. O Brevemente Norisk Scf S.R.L.;True
TEKTA S.R.L. SOCIETA' DI CONSULENZA FINANZIARIA;01637490507;SAN ROMANO;PI;TOSCANA;31/10/2002;2002;6;2024;470018.0;78336;7813.0;1302;1.7;6.3;11.4;378417.0;442360.0;470018.0;;22736.0;23029.0;7813.0;;0-9;70.22.09: Altre attività di consulenza imprenditoriale e altra consulenza amministrativo-gestionale e pianificazione aziendale;Attiva;Tekta S.R.L. Societa' Di Consulenza Finanziaria;True
PIANO FINANZIARIO SOCIETÀ DI CONSULENZA FINANZIARIA S.R.L.;04044680363;MODENA;MO;EMILIA ROMAGNA;07/09/2022;2022;4;2024;462224.0;115556;82738.0;20684;17.9;89.0;609.4;9184.0;244586.0;462224.0;;412.0;18166.0;82738.0;;0-9;66.19.21: Attività di consulenti finanziari abilitati all'offerta fuori sede;Attiva;Piano Finanziario Societa' Di Consulenza Finanziaria Srl;True
HCINQUE SOCIETA' DI CONSULENZA FINANZIARIA SRL;10101591005;ROMA;RM;LAZIO;23/07/2008;2008;5;2024;455542.0;91108;8871.0;1774;1.9;-9.8;32.8;258135.0;505110.0;455542.0;;-35537.0;7240.0;8871.0;;0-9;70.22.09: Altre attività di consulenza imprenditoriale e altra consulenza amministrativo-gestionale e pianificazione aziendale;Attiva;Hcinque S.R.L.- Societa' Di Consulenza Finanziaria;True
SF CONSULTING SRL SOCIETA' DI CONSULENZA FINANZIARIA;03062250216;EGNA;BZ;TRENTINO ALTO ADIGE;20/12/2019;2019;1;2025;447560.0;447560;481282.0;481282;107.5;13.8;;;336803.0;383241.0;447560.0;;57674.0;36480.0;481282.0;0-9;64.99.6: Altre intermediazioni finanziarie n.c.a.;Attiva;Sf Consulting Srl Societa' Di Consulenza Finanziaria;True
81 SOCIETA' DI CONSULENZA FINANZIARIA FAMILY OFFICE S.R.L.;03341580243;VICENZA;VI;VENETO;18/09/2006;2006;2;2024;444336.0;222168;129406.0;64703;29.1;33.0;19.0;313964.0;334191.0;444336.0;;4036.0;50864.0;129406.0;;0-9;82.99.99: Altri servizi di sostegno alle imprese n.c.a.;Attiva;81 Societa' Di Consulenza Finanziaria Family Office Srl;True
BEA FINANCE SOCIETÀ DI CONSULENZA FINANZIARIA S.R.L.;12216440961;MILANO;MI;LOMBARDIA;24/01/2022;2022;1;2024;436221.0;436221;105731.0;105731;24.2;59.9;87.9;123500.0;272793.0;436221.0;;232.0;1771.0;105731.0;;0-9;70.22.09: Altre attività di consulenza imprenditoriale e altra consulenza amministrativo-gestionale e pianificazione aziendale;Attiva;Bea Finance Societa' Di Consulenza Finanziaria S.R.L.;True
CAVINI CONSULTING SRL SCF UNIPERSONALE;06640020480;CAMPI BISENZIO;FI;TOSCANA;13/04/2016;2016;2;2024;406538.0;203269;18241.0;9120;4.5;0.8;14.2;311833.0;403163.0;406538.0;;26095.0;5778.0;18241.0;;0-9;70.22.09: Altre attività di consulenza imprenditoriale e altra consulenza amministrativo-gestionale e pianificazione aziendale;Attiva;Cavini Consulting S.R.L. - Societa' Di Consulenza Finanziaria;True
PROGETTO PATRIMONIO SRL SOCIETA DI CONSULENZA FINANZIARIA;03005000421;ANCONA;AN;MARCHE;10/01/2025;2025;1;2025;383371.0;383371;386.0;386;0.1;;;;;;383371.0;;;;386.0;0-9;82.99.99: Altri servizi di sostegno alle imprese n.c.a.;Attiva;Progetto Patrimonio Srl Societa' Di Consulenza Finanziaria;True
PLANNIX SOCIETÀ DI CONSULENZA FINANZIARIA S.R.L.;12983770962;MILANO;MI;LOMBARDIA;24/05/2023;2023;4;2024;382396.0;95599;-45284.0;-11321;-11.8;1096.3;;;31965.0;382396.0;;;-62445.0;-45284.0;;0-9;47.41: Commercio al dettaglio di computer, unità periferiche, software e attrezzature per ufficio in esercizi specializzati;Attiva;Plannix Societa' Di Consulenza Finanziaria S.R.L.;True
ATAI SOCIETA' DI CONSULENZA FINANZIARIA SRL;13274160962;MILANO;MI;LOMBARDIA;14/12/2023;2023;2;2024;380893.0;190446;103368.0;51684;27.1;;;;;380893.0;;;;103368.0;;0-9;70.22.09: Altre attività di consulenza imprenditoriale e altra consulenza amministrativo-gestionale e pianificazione aziendale;Attiva;Atai Societa' Di Consulenza Finanziaria S.R.L.;True
FAMILY OFFICE ITALIA SCF SRL;04525690402;RIMINI;RN;EMILIA ROMAGNA;10/09/2020;2020;11;2024;369412.0;33583;40669.0;3697;11.0;69.1;38.0;194029.0;218491.0;369412.0;;3131.0;2509.0;40669.0;;0-9;66.19.22: Attività di agenti, mediatori e procacciatori in prodotti finanziari;Attiva;Family Office Italia - Societa' Di Consulenza Finanziaria Srl;True
NEXTPERIENCE S.R.L. SOCIETA’ DI CONSULENZA FINANZIARIA;12548910962;MILANO;MI;LOMBARDIA;07/09/2022;2022;5;2024;332429.0;66486;-88953.0;-17791;-26.8;169.2;;;123501.0;332429.0;;;-82120.0;-88953.0;;0-9;66.19.22: Attività di agenti, mediatori e procacciatori in prodotti finanziari;Attiva;Nextperience S.R.L. Societa' Di Consulenza Finanziaria;True
CLASSIS CAPITAL - SOCIETÀ DI CONSULENZA FINANZIARIA S.P.A.” (IN FORMA ABBREVIATA “CLASSIS CAPITAL SCF S.P.A.”);06549050968;MILANO;MI;LOMBARDIA;21/06/2023;2023;1;2024;320726.0;320726;-90595.0;-90595;-28.2;59.8;;;200722.0;320726.0;;;-538752.0;-90595.0;;0-9;64.99.1: Attività di intermediazione mobiliare;Attiva;Classis Capital - Societa' Di Consulenza Finanziaria Spa;True
ALUT SOCIETA' DI CONSULENZA FINANZIARIA SRL;03831200245;THIENE;VI;VENETO;10/05/2013;2013;3;2024;315081.0;105027;6596.0;2199;2.1;4.4;-6.3;359089.0;301711.0;315081.0;;45156.0;-1300.0;6596.0;;0-9;70.22.09: Altre attività di consulenza imprenditoriale e altra consulenza amministrativo-gestionale e pianificazione aziendale;Attiva;Alut Societa' Di Consulenza Finanziaria Srl;True
CS FAMILY OFFICE SRL SOCIETA' DI CONSULENZA FINANZIARIA;02761610134;LECCO;LC;LOMBARDIA;23/09/2003;2003;2;2024;292768.0;146384;24248.0;12124;8.3;16.9;29.6;174282.0;250373.0;292768.0;;-16344.0;30751.0;24248.0;;-;70.22.09: Altre attività di consulenza imprenditoriale e altra consulenza amministrativo-gestionale e pianificazione aziendale;Attiva;Cs Family Office S.R.L. Societa' Di Consulenza Finanziaria;True
Four Your Future società di consulenza finanziaria srl;16414611000;ROMA;RM;LAZIO;22/11/2021;2021;10;2025;269658.0;26966;-2121.0;-212;-0.8;96.0;;;69373.0;135962.0;269658.0;;2253.0;3141.0;-2121.0;0-9;70.22.09: Altre attività di consulenza imprenditoriale e altra consulenza amministrativo-gestionale e pianificazione aziendale;Attiva;Four Your Future Societa' Di Consulenza Finanziaria S.R.L.;True
AEGIS SOCIETÀ DI CONSULENZA FINANZIARIA S.R.L.;15775761008;ROMA;RM;LAZIO;02/07/2020;2020;6;2024;250324.0;41721;17252.0;2875;6.9;16.5;17.7;180833.0;214863.0;250324.0;;3406.0;15514.0;17252.0;;-;70.22.09: Altre attività di consulenza imprenditoriale e altra consulenza amministrativo-gestionale e pianificazione aziendale;Attiva;Aegis Societa' Di Consulenza Finanziaria S.R.L.;True
MP FAMILY OFFICE SOCIETA' DI CONSULENZA FINANZIARIA S.R.L.;04054841202;BOLOGNA;BO;EMILIA ROMAGNA;29/07/2022;2022;1;2024;250000.0;250000;1119.0;1119;0.4;226.1;;;76664.0;250000.0;;;2837.0;1119.0;;0-9;66.19.22: Attività di agenti, mediatori e procacciatori in prodotti finanziari;Attiva;Mp Family Office Societa' Di Consulenza Finanziaria S.R.L.;True
PARETO SOCIETA' DI CONSULENZA FINANZIARIA S.R.L.;12259820962;MILANO;MI;LOMBARDIA;14/02/2022;2022;2;2024;224500.0;112250;49728.0;24864;22.2;23.7;51.3;98070.0;181500.0;224500.0;;11496.0;42545.0;49728.0;;0-9;70.22.09: Altre attività di consulenza imprenditoriale e altra consulenza amministrativo-gestionale e pianificazione aziendale;Attiva;Pareto Societa' Di Consulenza Finanziaria S.R.L. O In Forma Abbre Viata Pareto S.C.F. S.R.L.;True
TM & PARTNERS SOCIETA' DI CONSULENZA FINANZIARIA SRL;02669540417;FANO;PU;MARCHE;13/06/2018;2018;5;2024;218925.0;43785;11681.0;2336;5.3;42.0;24.9;140258.0;154187.0;218925.0;;1323.0;1558.0;11681.0;;0-9;70.22.09: Altre attività di consulenza imprenditoriale e altra consulenza amministrativo-gestionale e pianificazione aziendale;Attiva;Tm & Partners Societa' Di Consulenza Finanziaria S.R.L.;True
CRISTAIL CAPITAL SOCIETA' DI CONSULENZA FINANZIARIA S.R.L.;06887890488;CARPI;MO;EMILIA ROMAGNA;08/01/2019;2019;2;2024;206273.0;103136;54467.0;27234;26.4;-58.9;-49.0;791781.0;501905.0;206273.0;;-36986.0;82228.0;54467.0;;-;-;Attiva;Cristail Capital Societa' Di Consulenza Finanziaria S.R.L.;True
VENERIS FAMILY OFFICE SOCIETA' DI CONSULENZA FINANZIARIA S.R.L.;05018400266;SPRESIANO;TV;VENETO;06/05/2019;2019;2;2024;196650.0;98325;16837.0;8418;8.6;5.1;32.7;111594.0;187122.0;196650.0;;3721.0;26696.0;16837.0;;0-9;70.22.09: Altre attività di consulenza imprenditoriale e altra consulenza amministrativo-gestionale e pianificazione aziendale;Attiva;Veneris Family Office Societa' Di Consulenza Finanziaria S.R.L.;True
FP & PARTNERS SCF SRL;11338980961;MILANO;MI;LOMBARDIA;15/07/2020;2020;1;2024;192400.0;192400;11277.0;11277;5.9;20.3;172.5;25905.0;159953.0;192400.0;;10864.0;7168.0;11277.0;;-;64.99.6: Altre intermediazioni finanziarie n.c.a.;Attiva;Fp & Partners Societa' Di Consulenza Finanziaria S.R.L.;True
Exevior SCF Srl;11830450968;MILANO;MI;LOMBARDIA;07/06/2021;2021;1;2024;187126.0;187126;-51223.0;-51223;-27.4;56.7;-0.3;188139.0;119430.0;187126.0;;-30620.0;-183079.0;-51223.0;;0-9;70.22.09: Altre attività di consulenza imprenditoriale e altra consulenza amministrativo-gestionale e pianificazione aziendale;Attiva;Exevior Societa' Di Consulenza Finanziaria S.R.L. O Exevior Scf S.R.L.;True
B-ADVISER SOCIETA' DI CONSULENZA FINANZIARIA SRL;04854950260;ASOLO;TV;VENETO;20/01/2017;2017;2;2024;180842.0;90421;693.0;346;0.4;-1.5;22.1;121320.0;183571.0;180842.0;;23758.0;23479.0;693.0;;0-9;70.22.09: Altre attività di consulenza imprenditoriale e altra consulenza amministrativo-gestionale e pianificazione aziendale;Attiva;B-Adviser Srl;True
ATHENA SCF SRL;03799130541;PERUGIA;PG;UMBRIA;24/06/2021;2021;6;2024;176272.0;29379;6740.0;1123;3.8;36.3;108.4;40597.0;129300.0;176272.0;;17906.0;3999.0;6740.0;;-;70.22.09: Altre attività di consulenza imprenditoriale e altra consulenza amministrativo-gestionale e pianificazione aziendale;Attiva;Athena Societa' Di Consulenza Finanziaria S.R.L.;True
VISION SOCIETA' DI CONSULENZA FINANZIARIA S.R.L.;04377410248;VICENZA;VI;VENETO;13/12/2021;2021;2;2024;157975.0;78988;20395.0;10198;12.9;100.2;194.1;18258.0;78922.0;157975.0;;-31031.0;3200.0;20395.0;;0-9;70.22.09: Altre attività di consulenza imprenditoriale e altra consulenza amministrativo-gestionale e pianificazione aziendale;Attiva;Vision Societa' Di Consulenza Finanziaria S.R.L.;True
WM CONSULTING S.R.L. SOCIETA' DI CONSULENZA FINANZIARIA;03360650232;VERONA;VR;VENETO;22/12/2003;2003;1;2025;141977.0;141977;56073.0;56073;39.5;-14.9;;;76863.0;65425.0;141977.0;;13525.0;5329.0;56073.0;-;66.19.22: Attività di agenti, mediatori e procacciatori in prodotti finanziari;Attiva;Wm Consulting S.R.L. Societa' Di Consulenza Finanziaria;True
CL&AR VALUE ADVISORS SCF SRL;03777300165;BERGAMO;BG;LOMBARDIA;21/09/2011;2011;1;2024;129757.0;129757;49585.0;49585;38.2;-25.1;30.7;75971.0;173288.0;129757.0;;4756.0;64216.0;49585.0;;0-9;70.22.09: Altre attività di consulenza imprenditoriale e altra consulenza amministrativo-gestionale e pianificazione aziendale;Attiva;Cl&Ar Value Advisors Societa' Di Consulenza Finanziaria S.R.L. O Brevemente Cl&Ar Value Advisors Scf S.R.L.;True
T-LAB SRL SOCIETA' DI CONSULENZA FINANZIARIA;08387250015;TORINO;TO;PIEMONTE;06/02/2002;2002;2;2024;128521.0;64260;11430.0;5715;8.9;;16.5;94756.0;;128521.0;;-43811.0;;11430.0;;0-9;85.59.2: Corsi di formazione e corsi di aggiornamento professionale;Attiva;T-Lab Srl Societa' Di Consulenza Finanziaria;True
RINASCIMENTO SOCIETA DI CONSULENZA FINANZIARIA SRL;13074230965;MILANO;MI;LOMBARDIA;25/07/2023;2023;2;2024;120000.0;60000;16743.0;8372;14.0;;;;;120000.0;;;;16743.0;;0-9;66.19.21: Attività di consulenti finanziari abilitati all'offerta fuori sede;Attiva;Rinascimento Societa' Di Consulenza Finanziaria S.R.L.;True
JMAN INVESTMENTS SOCIETA' DI CONSULENZA FINANZIARIA S.R.L.S.;02117220679;PINETO;TE;ABRUZZO;04/02/2022;2022;2;2024;114584.0;57292;8960.0;4480;7.8;106.7;60.8;44303.0;55426.0;114584.0;;212.0;-1679.0;8960.0;;-;70.22.09: Altre attività di consulenza imprenditoriale e altra consulenza amministrativo-gestionale e pianificazione aziendale;Attiva;Jman Investments Societa' Di Consulenza Finanziaria S.R.L.S.;True
BLUE OCEAN SOCIETÀ DI CONSULENZA FINANZIARIA S.P.A.;17725491009;ROMA;RM;LAZIO;23/07/2024;2024;5;2025;106250.0;21250;33479.0;6696;31.5;;;;;;106250.0;;;;33479.0;-;66.19.22: Attività di agenti, mediatori e procacciatori in prodotti finanziari;Attiva;Blue Ocean Societa' Di Consulenza Finanziaria S.P.A.;True
PRIMA SOCIETÀ DI CONSULENZA FINANZIARIA S.R.L.;01753820347;PARMA;PR;EMILIA ROMAGNA;04/04/1990;1990;2;2024;103782.0;51891;6995.0;3498;6.7;;;;;103782.0;;;;6995.0;;-;70.22.09: Altre attività di consulenza imprenditoriale e altra consulenza amministrativo-gestionale e pianificazione aziendale;Attiva;Prima Societa' Di Consulenza Finanziaria S.R.L.;True
AR FINANCIAL PLANNING S.R.L. SOCIETA' DI CONSULENZA FINANZIARIA;07975170965;SEGRATE;MI;LOMBARDIA;26/09/2012;2012;1;2024;102575.0;102575;27895.0;27895;27.2;20.3;16.1;76087.0;85240.0;102575.0;;6598.0;12763.0;27895.0;;0-9;66.19.22: Attività di agenti, mediatori e procacciatori in prodotti finanziari;Attiva;Ar Financial Planning S.R.L. Societa' Di Consulenza Finanziaria;True
COLAZIONE A WALL STREET SOCIETA' DI CONSULENZA FINANZIARIA SRL;13252530962;MONZA;MB;LOMBARDIA;04/12/2023;2023;3;2024;101803.0;33934;10951.0;3650;10.8;;;;;101803.0;;;;10951.0;;-;66.19.21: Attività di consulenti finanziari abilitati all'offerta fuori sede;Attiva;Colazione A Wall Street Societa' Di Consulenza Finanziaria S.R.L.;True
ONGARO S.C.F. S.R.L.;09256000960;MILANO;MI;LOMBARDIA;30/10/2015;2015;1;2024;93869.0;93869;-6195.0;-6195;-6.6;;111.4;21000.0;;93869.0;;384289.0;;-6195.0;;-;70.22.09: Altre attività di consulenza imprenditoriale e altra consulenza amministrativo-gestionale e pianificazione aziendale;Attiva;Ongaro S.C.F. S.R.L.;True
UNO CAPITAL SOCIETÀ DI CONSULENZA FINANZIARIA S.R.L.;04734050612;CASERTA;CE;CAMPANIA;31/05/2023;2023;13;2024;86595.0;6661;3354.0;258;3.9;1278.0;;;6284.0;86595.0;;;-3428.0;3354.0;;-;70.22.09: Altre attività di consulenza imprenditoriale e altra consulenza amministrativo-gestionale e pianificazione aziendale;Attiva;Uno Capital Societa' Di Consulenza Finanziaria S.R.L.;True
ZEFIRO SOCIETÀ DI CONSULENZA FINANZIARIA SRL.;02990550358;CORREGGIO;RE;EMILIA ROMAGNA;21/10/2022;2022;2;2024;84913.0;42456;13441.0;6720;15.8;199.3;;;28366.0;84913.0;;;2997.0;13441.0;;-;70.22.09: Altre attività di consulenza imprenditoriale e altra consulenza amministrativo-gestionale e pianificazione aziendale;Attiva;Zefiro Societa' Di Consulenza Finanziaria Srl;True
NEVIST SOCIETÀ DI CONSULENZA FINANZIARIA S.R.L.;01295870073;AOSTA;AO;VALLE D'AOSTA;09/05/2024;2024;5;2024;81976.0;16395;4330.0;866;5.3;;;;;81976.0;;;;4330.0;;0-9;70.22.09: Altre attività di consulenza imprenditoriale e altra consulenza amministrativo-gestionale e pianificazione aziendale;Attiva;Nevist Societa' Di Consulenza Finanziaria S.R.L.;True
MONEYADVISOR SOCIETA’ DI CONSULENZA FINANZIARIA S.R.L. IN FORMA ABBREVIATA MONEYADVISOR SCF S.R.L.;02743800399;RAVENNA;RA;EMILIA ROMAGNA;25/05/2023;2023;4;2024;67580.0;16895;356.0;89;0.5;265.3;;;18500.0;67580.0;;;2343.0;356.0;;-;66.19.21: Attività di consulenti finanziari abilitati all'offerta fuori sede;Attiva;Moneyadvisor Societa' Di Consulenza Finanziaria S.R.L.;True
INVESTITORE STRATEGICO SOCIETÀ DI CONSULENZA FINANZIARIA S.R.L.;02923830349;REGGIO EMILIA;RE;EMILIA ROMAGNA;07/11/2019;2019;2;2024;62948.0;31474;1657.0;828;2.6;-23.8;45.5;29722.0;82604.0;62948.0;;1395.0;5370.0;1657.0;;-;62.01: Produzione di software non connesso all'edizione;Attiva;Investitore Strategico Societa' Di Consulenza Finanziaria S.R.L.;True
FINANZA SEMPLICE SOCIETÀ DI CONSULENZA FINANZIARIA S.R.L.;13432640962;MILANO;MI;LOMBARDIA;19/02/2024;2024;29;2024;61135.0;2108;-737.0;-25;-1.2;;;;;61135.0;;;;-737.0;;0-9;70.22.09: Altre attività di consulenza imprenditoriale e altra consulenza amministrativo-gestionale e pianificazione aziendale;Attiva;Finanza Semplice Societa' Di Consulenza Finanziaria S.R.L.;True
STUDIO FESTA & ASSOCIATI S.R.L. SOCIETA’ DI CONSULENZA FINANZIARIA;04177161207;BOLOGNA;BO;EMILIA ROMAGNA;11/01/2024;2024;3;2024;59014.0;19671;4917.0;1639;8.3;;;;;59014.0;;;;4917.0;;0-9;70.22.09: Altre attività di consulenza imprenditoriale e altra consulenza amministrativo-gestionale e pianificazione aziendale;Attiva;Studio Festa & Associati S.R.L. Societa' Di Consulenza Finanziaria In Forma Abbreviata Sf&A S.R.L. Societa' Di Consulenza Finanziaria;True
PROMETEO SRL - SOCIETÀ DI CONSULENZA FINANZIARIA;05525780283;PADOVA;PD;VENETO;14/02/2023;2023;1;2024;46551.0;46551;10749.0;10749;23.1;347.3;;;10407.0;46551.0;;;-8077.0;10749.0;;-;66.19.21: Attività di consulenti finanziari abilitati all'offerta fuori sede;Attiva;Prometeo S.R.L. - Societa' Di Consulenza Finanziaria;True
PROMETEO INVESTING SCF S.R.L;06041760874;CATANIA;CT;SICILIA;02/10/2023;2023;3;2024;26000.0;8667;413.0;138;1.6;;;;;26000.0;;;;413.0;;-;70.22.09: Altre attività di consulenza imprenditoriale e altra consulenza amministrativo-gestionale e pianificazione aziendale;Attiva;Prometeo Investing Scf S.R.L.;True
MOS MAIORUM PATRIMONI SOCIETÀ DI CONSULENZA FINANZIARIA S.R.L.;15381861002;ROMA;RM;LAZIO;25/07/2019;2019;1;2024;22000.0;22000;555.0;555;2.5;;;;;22000.0;;;;555.0;;-;70.22.09: Altre attività di consulenza imprenditoriale e altra consulenza amministrativo-gestionale e pianificazione aziendale;Attiva;Mos Maiorum Patrimoni Societa' Di Consulenza Finanziaria S.R.L.;True
S&P SCF SRL;17942731005;ROMA;RM;LAZIO;22/01/2025;2025;1;2025;20754.0;20754;-23798.0;-23798;-114.7;;;;;;20754.0;;;;-23798.0;-;70.22.09: Altre attività di consulenza imprenditoriale e altra consulenza amministrativo-gestionale e pianificazione aziendale;Attiva;S&P Societa' Di Consulenza Finanziaria S.R.L.;True
INVESTPLAN SCF SRL;07076970487;FIRENZE;FI;TOSCANA;15/02/2021;2021;9;2024;20090.0;2232;-2824.0;-314;-14.1;77.3;132.5;3717.0;11333.0;20090.0;;-11819.0;4620.0;-2824.0;;-;70.22.09: Altre attività di consulenza imprenditoriale e altra consulenza amministrativo-gestionale e pianificazione aziendale;Attiva;Investplan Societa' Di Consulenza Finanziaria Societa' A Responsa Bilita' Limitata;True
DLD CAPITAL SCF SRL;16296621002;ROMA;RM;LAZIO;03/08/2021;2021;1;2023;12064.0;12064;-25432.0;-25432;-210.8;;;12757.0;12064.0;;;-12053.0;-25432.0;;;0-9;70.22.09: Altre attività di consulenza imprenditoriale e altra consulenza amministrativo-gestionale e pianificazione aziendale;Attiva;Dld Capital Scf S.R.L.;True
QBIT SOCIETÀ DI CONSULENZA FINANZIARIA SRL;16118911003;ROMA;RM;LAZIO;26/03/2021;2021;5;2024;11172.0;2234;-295218.0;-59044;-2642.5;-41.8;;;19188.0;11172.0;;;-263463.0;-295218.0;;0-9;70.22.09: Altre attività di consulenza imprenditoriale e altra consulenza amministrativo-gestionale e pianificazione aziendale;Attiva;Qbit Societa' Di Consulenza Finanziaria S.R.L.;True
FINANCE REVOLUTION SOCIETÀ DI CONSULENZA FINANZIARIA SRL;02530050448;FERMO;FM;MARCHE;22/11/2023;2023;1;2024;6922.0;6922;-51998.0;-51998;-751.2;;;;;6922.0;;;;-51998.0;;-;70.22.09: Altre attività di consulenza imprenditoriale e altra consulenza amministrativo-gestionale e pianificazione aziendale;Attiva;Finance Revolution Societa' Di Consulenza Finanziaria S.R.L.;True
HORIZON SOCIETÀ DI CONSULENZA FINANZIARIA SRL;04113620365;MODENA;MO;EMILIA ROMAGNA;12/12/2023;2023;2;2024;4000.0;2000;-6550.0;-3275;-163.8;;;;;4000.0;;;;-6550.0;;0-9;70.22.09: Altre attività di consulenza imprenditoriale e altra consulenza amministrativo-gestionale e pianificazione aziendale;Attiva;Horizon Societa' Di Consulenza Finanziaria Srl;True
CARMA ADVISORY SOCIETÀ DI CONSULENZA FINANZIARIA S.R.L.;12289321007;ROSETO DEGLI ABRUZZI;TE;ABRUZZO;09/02/2013;2013;1;2024;360.0;360;-70135.0;-70135;-19481.9;-28.3;-43.4;1122.0;502.0;360.0;;24325.0;-36350.0;-70135.0;;-;70.22.09: Altre attività di consulenza imprenditoriale e altra consulenza amministrativo-gestionale e pianificazione aziendale;Attiva;Carma Advisory Societa' Di Consulenza Finanziaria S.R.L.;True
OMNEY SCF SRL;04856080165;BERGAMO;BG;LOMBARDIA;21/07/2025;2025;8;;;;;;;;;;;;;;;;;-;-;Attiva;Omney - Societa' Di Consulenza Finanziaria Srl;True
EDVISE SCF SRL;01422160323;TRIESTE;TS;FRIULI VENEZIA GIULIA;19/11/2024;2024;7;;;;;;;;;;;;;;;;;-;70.22.09: Altre attività di consulenza imprenditoriale e altra consulenza amministrativo-gestionale e pianificazione aziendale;Attiva;Edvise Scf Srl;True
FOUR PARTNERS ADVISORY SOCIETA' DI CONSULENZA FINANZIARIA SOCIETA' PER AZIONI;06198040963;MILANO;MI;LOMBARDIA;13/05/2008;2008;6;;;;;;;;;;;;;;;;;10-24;74.90.99: Altre attività professionali n.c.a.;Attiva;Four Partners Advisory Societa' Di Consulenza Finanziaria So Cieta' Per Azioni O In Forma Abbreviata Four Partners Advisory Scf S.P.A.;True
PFG SOCIETÀ DI CONSULENZA FINANZIARIA S.R.L.;07911810963;MILANO;MI;LOMBARDIA;09/07/2012;2012;5;;;;;;;;;;;;;;;;;0-9;70.22.09: Altre attività di consulenza imprenditoriale e altra consulenza amministrativo-gestionale e pianificazione aziendale;Attiva;Pfg Societa' Di Consulenza Finanziaria S.R.L. O, In Forma Abbreviata, Pfg S.C.F. S.R.L.;True
FUTURA SOCIETA' DI CONSULENZA FINANZIARIA S.R.L.;03100260342;FELINO;PR;EMILIA ROMAGNA;09/01/2025;2025;4;;;;;;;;;;;;;;;;;0-9;70.22.09: Altre attività di consulenza imprenditoriale e altra consulenza amministrativo-gestionale e pianificazione aziendale;Attiva;Futura Societa' Di Consulenza Finanziaria S.R.L.;True
BERT CONSULTING SCF SRL;11306750016;CHIERI;TO;PIEMONTE;06/03/2015;2015;4;;;;;;;;;;;;;;;;;-;70.22.09: Altre attività di consulenza imprenditoriale e altra consulenza amministrativo-gestionale e pianificazione aziendale;Attiva;Bert Consulting Societa' Di Consulenza Finanziaria Srl;True
ROIS SCF S.R.L.;17719881009;ROMA;RM;LAZIO;17/07/2024;2024;3;;;;;;;;;;;;;;;;;0-9;70.22.09: Altre attività di consulenza imprenditoriale e altra consulenza amministrativo-gestionale e pianificazione aziendale;Attiva;Rois S.C.F. S.R.L.;True
LIGHTHOUSE SCF S.R.L.;03073490355;REGGIO EMILIA;RE;EMILIA ROMAGNA;02/10/2024;2024;2;;;;;;;;;;;;;;;;;0-9;70.22.09: Altre attività di consulenza imprenditoriale e altra consulenza amministrativo-gestionale e pianificazione aziendale;Attiva;Lighthouse Scf S.R.L.;True
CRESCITA E TUTELA DEL PATRIMONIO SCF SRL;17735101002;ROMA;RM;LAZIO;31/07/2024;2024;2;;;;;;;;;;;;;;;;;-;66.19.21: Attività di consulenti finanziari abilitati all'offerta fuori sede;Attiva;Crescita E Tutela Del Patrimonio Societa' Di Consulenza Finanziaria S.R.L.;True
CONFINI SCF - SOCIETÀ A RESPONSABILITÀ LIMITATA;18406601007;ROMA;RM;LAZIO;29/01/2026;2026;2;;;;;;;;;;;;;;;;;-;-;Attiva;Confini Scf - Societa' A Responsabilita' Limitata;True
ALTAYR SOCIETA' DI CONSULENZA FINANZIARIA SRL BENEFIT;14406860966;MILANO;MI;LOMBARDIA;23/10/2025;2025;2;;;;;;;;;;;;;;;;;-;-;Attiva;Altayr Societa' Di Consulenza Finanziaria Srl Benefit, In Breve Altayr Scf Srl Sb;True
IDA PAGNOTTELLA & PARTNERS S.C.F. S.R.L.;13585060968;MILANO;MI;LOMBARDIA;03/06/2024;2024;2;;;;;;;;;;;;;;;;;-;70.22.09: Altre attività di consulenza imprenditoriale e altra consulenza amministrativo-gestionale e pianificazione aziendale;Attiva;Ida Pagnottella & Partners S.C.F. S.R.L. O, In Forma Abbreviata Pagnottella & Partners S.C.F. S.R.L.;True
LIBERA SCF S.R.L.;05152250238;BOVOLONE;VR;VENETO;26/09/2025;2025;2;;;;;;;;;;;;;;;;;-;-;Attiva;Libera Scf S.R.L.;True
AMATI SOCIETÀ DI CONSULENZA FINANZIARIA S.R.L.;10778651215;SORRENTO;NA;CAMPANIA;25/03/2025;2025;1;;;;;;;;;;;;;;;;;-;66.19.22: Attività di agenti, mediatori e procacciatori in prodotti finanziari;Attiva;Amati Societa' Di Consulenza Finanziaria S.R.L.;True
AVERAU CAPITAL PARTNERS SCF SRL SEMPLIFICATA;03138720309;UDINE;UD;FRIULI VENEZIA GIULIA;06/03/2024;2024;1;;;;;;;;;;;;;;;;;-;70.22.09: Altre attività di consulenza imprenditoriale e altra consulenza amministrativo-gestionale e pianificazione aziendale;Attiva;Averau Capital Partners Scf Srl Semplificata;True
PATRIMONIO FAMIGLIARE SOCIETA' DI CONSULENZA FINANZIARIA S.R.L.;13580110966;MILANO;MI;LOMBARDIA;20/05/2024;2024;1;;;;;;;;;;;;;;;;;-;70.22.09: Altre attività di consulenza imprenditoriale e altra consulenza amministrativo-gestionale e pianificazione aziendale;Attiva;Patrimonio Famigliare Societa' Di Consulenza Finanziaria S.R.L.;True
FINADVISOR SCF SRL;14135170968;MILANO;MI;LOMBARDIA;02/04/2025;2025;1;;;;;;;;;;;;;;;;;-;58.29: Edizione di altri software;Attiva;Finadvisor Scf S.R.L.;True
KLEAR ADVISORY SOCIETA' DI CONSULENZA FINANZIARIA S.R.L.;13971520963;MILANO;MI;LOMBARDIA;22/01/2025;2025;1;;;;;;;;;;;;;;;;;-;70.22.09: Altre attività di consulenza imprenditoriale e altra consulenza amministrativo-gestionale e pianificazione aziendale;Attiva;Klear Advisory Societa' Di Consulenza Finanziaria S.R.L. In Breve Klear Advisory Scf S.R.L.;True
IFABRESCIA SOCIETÀ DI CONSULENZA FINANZIARIA SRL;03687460984;GAVARDO;BS;LOMBARDIA;12/01/2015;2015;1;;;;;;;;;;;;;;;;;0-9;70.22.09: Altre attività di consulenza imprenditoriale e altra consulenza amministrativo-gestionale e pianificazione aziendale;Attiva;Ifabrescia Societa' Di Consulenza Finanziaria S.R.L.;True
FULLCIRCLE SCF SRL;04254940135;COLLE BRIANZA;LC;LOMBARDIA;14/10/2025;2025;1;;;;;;;;;;;;;;;;;-;-;Attiva;Fullcircle Scf S.R.L.;True
VIRGILIO FAMILY OFFICE SOCIETA' DI CONSULENZA FINANZIARIA A RESPONSABILITA' LIMITATA;13252320968;MILANO;MI;LOMBARDIA;27/11/2023;2023;1;;;;;;;;;;;;;;;;;-;70.22.09: Altre attività di consulenza imprenditoriale e altra consulenza amministrativo-gestionale e pianificazione aziendale;Attiva;Virgilio Family Office Societa' Di Consulenza Finanziaria A Resp Onsabilita' Limitata Sigla: Virgilio Family Office Scf A R.L.;True
ORSO GIORDI LOCATELLI SCF S.R.L.;13890660965;MILANO;MI;LOMBARDIA;18/12/2024;2024;1;;;;;;;;;;;;;;;;;0-9;70.22.09: Altre attività di consulenza imprenditoriale e altra consulenza amministrativo-gestionale e pianificazione aziendale;Attiva;Orso Giordi Locatelli Scf S.R.L.;True
B&I CONSULTING SOCIETA' DI CONSULENZA FINANZIARIA SRL;03675710127;MALNATE;VA;LOMBARDIA;08/10/2018;2018;1;;;;;;;;;;;;;;;;;-;70.22.09: Altre attività di consulenza imprenditoriale e altra consulenza amministrativo-gestionale e pianificazione aziendale;Attiva;B & I Consulting Societa' Di Consulenza Finanziaria Srl In Forma Abbreviata B & I Scf Srl;True
FG2 CAPITAL SCF S.R.L.;14378010962;MILANO;MI;LOMBARDIA;02/10/2025;2025;1;;;;;;;;;;;;;;;;;-;66.19.22: Attività di agenti, mediatori e procacciatori in prodotti finanziari;Attiva;Fg2 Capital Societa' Di Consulenza Finanziaria S.R.L.;True
VALAR SCF SRL;14376900966;MILANO;MI;LOMBARDIA;01/10/2025;2025;0;;;;;;;;;;;;;;;;;-;-;Attiva;Valar Societa' Di Consulenza Finanziaria S.R.L. O In Breve Valar Scf S.R.L.;True
